order_id,order_date,product_id,product_category,price,discount_percent,quantity_sold,customer_region,payment_method,rating,review_count,discounted_price,total_revenue,profit
1,2022-04-13,2637,Books,128.75,10,4,North America,UPI,3.5,443,115.88,463.52,23.176000000000002
2,2023-03-12,2300,Fashion,302.6,20,5,Asia,Credit Card,3.7,475,242.08,1210.4,60.52000000000001
3,2022-09-28,3670,Sports,495.8,20,2,Europe,UPI,4.4,183,396.64,793.28,39.664
4,2022-04-17,2522,Books,371.95,15,4,Middle East,UPI,5.0,212,316.16,1264.64,63.232000000000006
5,2022-03-13,1717,Beauty,201.68,0,4,Middle East,UPI,4.6,308,201.68,806.72,40.336000000000006
6,2023-12-02,1777,Sports,385.17,30,3,Asia,Wallet,3.8,489,269.62,808.86,40.443000000000005
7,2022-01-21,4068,Books,15.78,0,5,Asia,UPI,1.6,415,15.78,78.9,3.9450000000000003
8,2023-09-07,3537,Fashion,111.59,30,4,Middle East,UPI,3.4,143,78.11,312.44,15.622
9,2022-05-02,3262,Books,373.62,0,4,Asia,Wallet,2.8,497,373.62,1494.48,74.724
10,2023-04-12,4174,Sports,134.81,15,2,Middle East,Cash on Delivery,2.0,25,114.59,229.18,11.459000000000001
11,2022-08-03,4878,Electronics,67.43,20,4,Europe,Debit Card,4.3,426,53.94,215.76,10.788
12,2022-11-27,3637,Books,150.19,0,1,North America,Cash on Delivery,4.4,279,150.19,150.19,7.5095
13,2023-04-04,3222,Electronics,89.81,0,3,Europe,UPI,3.6,151,89.81,269.43,13.4715
14,2022-03-29,4925,Home & Kitchen,213.22,0,3,Europe,Credit Card,1.4,239,213.22,639.66,31.983
15,2023-01-08,1051,Beauty,66.65,10,2,North America,Debit Card,4.6,262,59.99,119.98,5.9990000000000006
16,2022-04-10,3344,Electronics,419.66,0,3,Middle East,Credit Card,2.7,46,419.66,1258.98,62.949000000000005
17,2023-10-26,3011,Sports,391.09,5,3,Middle East,Credit Card,3.7,51,371.54,1114.62,55.730999999999995
18,2022-05-11,3222,Home & Kitchen,156.95,30,3,Middle East,Cash on Delivery,2.9,354,109.86,329.58,16.479
19,2023-10-24,1968,Home & Kitchen,262.36,10,1,Asia,Wallet,4.6,473,236.12,236.12,11.806000000000001
20,2022-11-05,3390,Fashion,428.24,30,3,Middle East,Wallet,1.2,331,299.77,899.31,44.9655
21,2022-12-10,2734,Home & Kitchen,464.87,10,3,North America,Wallet,3.8,490,418.38,1255.14,62.757000000000005
22,2023-05-07,1599,Beauty,50.09,0,1,Europe,UPI,4.3,34,50.09,50.09,2.5045
23,2023-02-18,1170,Beauty,362.4,15,2,North America,Debit Card,2.4,318,308.04,616.08,30.804000000000002
24,2023-01-21,4108,Beauty,72.05,20,2,Middle East,Debit Card,4.4,129,57.64,115.28,5.764
25,2022-07-11,2658,Beauty,14.92,15,1,Middle East,Wallet,1.0,498,12.68,12.68,0.634
26,2022-10-04,4272,Fashion,44.08,15,1,Europe,Debit Card,1.1,303,37.47,37.47,1.8735
27,2022-06-10,2087,Books,290.06,20,5,Asia,Credit Card,4.1,35,232.05,1160.25,58.0125
28,2023-04-05,4557,Sports,191.67,10,5,Asia,Cash on Delivery,4.3,106,172.5,862.5,43.125
29,2022-11-10,1454,Sports,63.74,10,1,Europe,Cash on Delivery,4.1,318,57.37,57.37,2.8685
30,2022-01-22,4771,Electronics,239.79,15,5,North America,Credit Card,2.8,150,203.82,1019.1,50.955000000000005
31,2022-09-10,1726,Fashion,256.57,20,2,North America,Credit Card,3.6,269,205.26,410.52,20.526
32,2023-07-15,2432,Sports,394.76,10,3,North America,UPI,3.7,382,355.28,1065.84,53.292
33,2023-04-20,1886,Fashion,333.51,0,5,Europe,Wallet,4.1,196,333.51,1667.55,83.3775
34,2022-02-28,4053,Electronics,235.65,5,3,North America,Cash on Delivery,4.3,448,223.87,671.61,33.5805
35,2023-05-26,3802,Sports,165.55,5,2,North America,Wallet,5.0,149,157.27,314.54,15.727000000000002
36,2023-11-13,3197,Electronics,5.99,20,2,North America,UPI,4.5,89,4.79,9.58,0.47900000000000004
37,2023-04-21,2525,Books,416.86,10,3,Europe,Credit Card,1.9,484,375.17,1125.51,56.2755
38,2023-12-01,1635,Books,137.16,15,3,North America,UPI,1.3,86,116.59,349.77,17.4885
39,2022-07-09,4014,Beauty,110.54,30,4,Europe,Credit Card,3.5,4,77.38,309.52,15.475999999999999
40,2023-11-18,3757,Sports,368.63,0,4,Asia,Debit Card,3.9,405,368.63,1474.52,73.726
41,2023-07-17,2571,Books,40.47,15,1,Middle East,Credit Card,3.7,418,34.4,34.4,1.72
42,2023-07-21,4885,Books,135.0,30,5,Europe,Cash on Delivery,3.9,469,94.5,472.5,23.625
43,2022-09-01,3325,Electronics,220.35,15,5,North America,Cash on Delivery,3.1,146,187.3,936.5,46.825
44,2023-05-20,3082,Home & Kitchen,223.58,5,3,Middle East,Wallet,3.5,238,212.4,637.2,31.860000000000003
45,2022-05-11,4696,Beauty,83.13,20,1,Middle East,Wallet,2.6,71,66.5,66.5,3.325
46,2023-04-30,1174,Beauty,24.86,5,5,Middle East,Debit Card,4.0,224,23.62,118.1,5.905
47,2023-10-09,2056,Fashion,237.91,20,3,North America,Cash on Delivery,2.1,366,190.33,570.99,28.549500000000002
48,2022-01-21,2748,Books,181.94,5,2,Asia,Credit Card,4.2,5,172.84,345.68,17.284000000000002
49,2022-06-16,3762,Books,146.0,15,2,Asia,Debit Card,4.5,157,124.1,248.2,12.41
50,2022-10-01,4468,Electronics,138.96,20,1,Middle East,Cash on Delivery,3.4,451,111.17,111.17,5.5585
51,2023-01-23,3301,Books,254.57,15,3,Middle East,Cash on Delivery,2.5,361,216.38,649.14,32.457
52,2023-08-24,1567,Fashion,15.72,20,2,Asia,Debit Card,3.3,429,12.58,25.16,1.258
53,2022-11-12,1322,Electronics,57.51,5,3,Asia,Cash on Delivery,2.0,178,54.63,163.89,8.1945
54,2022-01-14,3060,Beauty,165.98,5,1,Asia,UPI,3.6,348,157.68,157.68,7.884
55,2022-08-30,3097,Books,242.51,5,2,Asia,Cash on Delivery,4.1,201,230.38,460.76,23.038
56,2022-12-12,2783,Books,348.44,20,4,North America,Cash on Delivery,1.2,57,278.75,1115.0,55.75
57,2023-07-19,4304,Fashion,150.09,10,4,Europe,Cash on Delivery,2.3,363,135.08,540.32,27.016000000000005
58,2022-12-06,4000,Sports,335.19,0,4,Middle East,Wallet,3.1,389,335.19,1340.76,67.038
59,2022-04-02,4041,Fashion,196.64,20,2,Asia,Credit Card,2.1,206,157.31,314.62,15.731000000000002
60,2023-01-02,4611,Electronics,388.49,20,5,North America,Wallet,1.3,220,310.79,1553.95,77.6975
61,2023-03-31,3663,Beauty,242.91,10,2,Asia,Wallet,3.2,286,218.62,437.24,21.862000000000002
62,2023-03-04,3913,Sports,272.99,30,1,Middle East,Cash on Delivery,4.6,389,191.09,191.09,9.5545
63,2023-05-24,3143,Sports,220.36,5,4,Middle East,Cash on Delivery,3.9,208,209.34,837.36,41.868
64,2022-02-04,1342,Fashion,70.78,15,1,Europe,UPI,2.4,486,60.16,60.16,3.008
65,2022-07-25,3903,Fashion,89.73,0,5,Asia,Cash on Delivery,4.3,399,89.73,448.65,22.4325
66,2022-03-22,3240,Beauty,203.24,10,3,North America,Wallet,4.0,412,182.92,548.76,27.438000000000002
67,2023-07-16,4991,Home & Kitchen,53.92,15,1,North America,UPI,2.1,286,45.83,45.83,2.2915
68,2023-01-23,3558,Electronics,74.39,15,3,Middle East,Credit Card,5.0,384,63.23,189.69,9.4845
69,2022-01-02,2474,Sports,313.75,20,2,Asia,Cash on Delivery,3.4,25,251.0,502.0,25.1
70,2023-01-25,2148,Home & Kitchen,318.45,0,5,Asia,UPI,1.1,337,318.45,1592.25,79.61250000000001
71,2023-07-20,4152,Beauty,68.08,0,4,Asia,Cash on Delivery,4.0,0,68.08,272.32,13.616
72,2022-04-16,1006,Sports,427.64,0,4,Middle East,Debit Card,3.5,178,427.64,1710.56,85.528
73,2023-04-22,1329,Sports,429.08,30,4,North America,Credit Card,3.7,70,300.36,1201.44,60.072
74,2023-12-04,1082,Books,192.97,10,1,North America,Wallet,4.3,88,173.67,173.67,8.6835
75,2023-02-06,2559,Sports,251.49,10,1,Europe,Cash on Delivery,1.7,212,226.34,226.34,11.317
76,2023-12-31,3952,Electronics,401.77,20,2,North America,UPI,4.6,38,321.42,642.84,32.142
77,2023-07-10,3673,Beauty,382.54,0,4,Europe,Cash on Delivery,3.7,92,382.54,1530.16,76.50800000000001
78,2022-06-11,1526,Beauty,184.56,15,2,Asia,Credit Card,2.5,261,156.88,313.76,15.688
79,2022-07-21,2136,Sports,161.96,5,5,Middle East,Cash on Delivery,2.2,3,153.86,769.3,38.465
80,2022-09-27,3487,Electronics,333.85,20,3,Middle East,Cash on Delivery,1.2,405,267.08,801.24,40.062000000000005
81,2022-09-28,1889,Home & Kitchen,184.94,5,2,North America,Wallet,3.9,479,175.69,351.38,17.569
82,2023-04-01,4925,Books,346.28,5,4,Europe,Cash on Delivery,4.2,477,328.97,1315.88,65.79400000000001
83,2023-04-07,1761,Home & Kitchen,69.16,20,1,North America,Credit Card,3.0,492,55.33,55.33,2.7665
84,2023-12-28,2023,Fashion,337.66,0,2,Asia,Cash on Delivery,2.6,316,337.66,675.32,33.766000000000005
85,2022-09-09,2680,Home & Kitchen,393.65,10,3,Middle East,Cash on Delivery,1.2,112,354.28,1062.84,53.141999999999996
86,2023-12-03,3066,Fashion,452.78,20,5,North America,UPI,2.4,102,362.22,1811.1,90.555
87,2022-10-23,3056,Electronics,230.81,15,2,Middle East,Credit Card,4.7,313,196.19,392.38,19.619
88,2023-12-26,2855,Sports,282.35,15,2,North America,Credit Card,2.5,3,240.0,480.0,24.0
89,2023-12-21,4256,Fashion,148.01,20,2,Asia,UPI,3.2,295,118.41,236.82,11.841000000000001
90,2022-12-04,2061,Beauty,79.49,20,3,Middle East,Wallet,4.4,472,63.59,190.77,9.5385
91,2022-02-22,3770,Sports,90.69,30,5,North America,Wallet,3.1,376,63.48,317.4,15.87
92,2022-08-05,1903,Sports,423.06,30,5,Europe,UPI,2.0,312,296.14,1480.7,74.03500000000001
93,2022-07-07,1133,Sports,273.03,5,4,North America,Debit Card,3.0,361,259.38,1037.52,51.876000000000005
94,2023-01-15,2968,Fashion,191.27,10,2,Europe,Cash on Delivery,1.5,294,172.14,344.28,17.214
95,2023-05-08,2125,Beauty,432.66,0,4,Middle East,Wallet,3.4,252,432.66,1730.64,86.53200000000001
96,2022-02-10,2964,Beauty,61.33,15,3,Middle East,Credit Card,4.1,418,52.13,156.39,7.8195
97,2022-06-06,2172,Home & Kitchen,299.14,30,5,Europe,Credit Card,1.9,223,209.4,1047.0,52.35
98,2022-01-15,3039,Sports,396.42,10,3,North America,UPI,2.2,213,356.78,1070.34,53.516999999999996
99,2022-03-06,1092,Sports,66.83,30,3,Middle East,Debit Card,4.6,54,46.78,140.34,7.017
100,2023-06-05,3849,Books,64.67,5,2,North America,Cash on Delivery,4.3,438,61.44,122.88,6.144
101,2022-12-10,4211,Sports,21.52,10,1,Asia,UPI,1.1,300,19.37,19.37,0.9685000000000001
102,2022-05-09,4366,Home & Kitchen,471.27,0,3,Europe,UPI,1.7,178,471.27,1413.81,70.6905
103,2023-10-10,3911,Home & Kitchen,347.63,20,5,Europe,Wallet,1.2,19,278.1,1390.5,69.525
104,2023-04-17,1773,Beauty,40.36,20,2,Middle East,Debit Card,1.1,322,32.29,64.58,3.229
105,2022-03-04,4664,Books,337.27,20,2,Middle East,UPI,3.9,107,269.82,539.64,26.982
106,2022-05-19,3591,Beauty,155.29,5,2,Middle East,Wallet,3.5,249,147.53,295.06,14.753
107,2023-05-14,1187,Sports,59.12,0,4,Middle East,Debit Card,3.4,433,59.12,236.48,11.824
108,2023-08-16,3183,Books,496.15,10,3,North America,Cash on Delivery,2.0,422,446.54,1339.62,66.981
109,2023-01-27,1165,Fashion,94.04,15,5,Middle East,Debit Card,2.8,200,79.93,399.65,19.9825
110,2023-11-06,4548,Beauty,400.28,5,2,Middle East,Cash on Delivery,3.9,328,380.27,760.54,38.027
111,2023-02-23,4038,Home & Kitchen,441.29,0,3,Europe,Cash on Delivery,3.0,447,441.29,1323.87,66.1935
112,2022-10-16,4218,Beauty,267.51,15,3,North America,Debit Card,1.3,358,227.38,682.14,34.107
113,2023-01-14,1244,Electronics,488.12,20,2,North America,Debit Card,4.3,120,390.5,781.0,39.050000000000004
114,2023-05-05,2206,Electronics,64.33,0,1,Europe,Debit Card,3.2,91,64.33,64.33,3.2165
115,2022-08-19,2032,Electronics,480.63,10,4,Middle East,Debit Card,4.8,176,432.57,1730.28,86.51400000000001
116,2022-02-10,2459,Home & Kitchen,39.98,5,2,North America,Credit Card,1.6,216,37.98,75.96,3.798
117,2022-01-28,2179,Home & Kitchen,241.28,0,1,Middle East,Credit Card,1.1,456,241.28,241.28,12.064
118,2022-05-15,1829,Electronics,428.24,30,5,Middle East,Credit Card,4.3,110,299.77,1498.85,74.9425
119,2022-07-20,3735,Sports,278.83,20,1,Europe,Credit Card,4.3,172,223.06,223.06,11.153
120,2022-02-02,3161,Home & Kitchen,293.81,30,4,North America,UPI,1.5,342,205.67,822.68,41.134
121,2022-02-17,2778,Sports,84.69,5,3,North America,UPI,4.4,173,80.46,241.38,12.069
122,2023-05-18,3214,Home & Kitchen,492.25,15,2,Asia,Cash on Delivery,3.0,364,418.41,836.82,41.84100000000001
123,2023-02-11,3535,Home & Kitchen,119.41,20,4,Asia,Cash on Delivery,1.9,328,95.53,382.12,19.106
124,2023-07-28,1436,Electronics,430.17,15,1,Asia,Wallet,1.2,172,365.64,365.64,18.282
125,2023-12-29,3270,Fashion,478.5,20,4,North America,Credit Card,1.8,26,382.8,1531.2,76.56
126,2022-04-09,3238,Sports,143.99,10,4,Middle East,UPI,4.4,278,129.59,518.36,25.918000000000003
127,2023-11-15,2810,Sports,366.6,5,3,North America,Cash on Delivery,4.0,346,348.27,1044.81,52.2405
128,2023-12-27,2824,Fashion,44.79,0,3,North America,Debit Card,4.5,176,44.79,134.37,6.718500000000001
129,2023-07-01,3623,Books,372.02,15,1,Europe,Wallet,5.0,354,316.22,316.22,15.811000000000002
130,2023-09-05,1793,Beauty,244.75,15,3,Middle East,Credit Card,4.5,276,208.04,624.12,31.206000000000003
131,2023-04-07,1172,Fashion,63.38,15,1,Middle East,Debit Card,4.7,1,53.87,53.87,2.6935000000000002
132,2023-10-05,2280,Books,447.85,10,3,Middle East,Wallet,4.7,399,403.07,1209.21,60.4605
133,2022-01-05,2738,Fashion,341.04,10,4,Middle East,Credit Card,2.2,203,306.94,1227.76,61.388000000000005
134,2022-08-06,1449,Electronics,88.45,30,1,Asia,Credit Card,2.4,397,61.92,61.92,3.096
135,2023-05-18,4572,Books,268.74,10,1,Middle East,UPI,3.4,115,241.87,241.87,12.0935
136,2023-02-02,2954,Electronics,166.31,20,1,Europe,Cash on Delivery,2.0,391,133.05,133.05,6.652500000000001
137,2023-01-28,3124,Electronics,356.73,30,1,North America,Credit Card,2.0,25,249.71,249.71,12.485500000000002
138,2022-07-26,1614,Books,315.59,30,2,North America,Wallet,3.9,311,220.91,441.82,22.091
139,2022-01-15,1225,Sports,98.82,10,1,Europe,UPI,2.0,442,88.94,88.94,4.447
140,2023-07-08,4297,Sports,124.85,30,5,North America,Debit Card,3.7,248,87.4,437.0,21.85
141,2023-04-06,1738,Books,353.75,30,1,Asia,Cash on Delivery,4.6,25,247.62,247.62,12.381
142,2023-11-22,2631,Fashion,339.21,5,3,Middle East,Wallet,1.4,330,322.25,966.75,48.337500000000006
143,2023-07-29,1940,Fashion,159.56,5,4,North America,Debit Card,3.0,482,151.58,606.32,30.316000000000003
144,2022-08-29,1075,Beauty,241.73,30,3,Asia,Wallet,3.6,364,169.21,507.63,25.381500000000003
145,2023-07-18,4104,Fashion,236.26,20,5,Asia,UPI,1.5,117,189.01,945.05,47.2525
146,2022-04-06,4665,Sports,66.6,15,2,Europe,UPI,1.6,390,56.61,113.22,5.6610000000000005
147,2023-04-30,1068,Books,312.42,10,3,Middle East,UPI,1.4,213,281.18,843.54,42.177
148,2023-02-11,2874,Fashion,135.9,10,4,Europe,Debit Card,4.4,302,122.31,489.24,24.462000000000003
149,2022-08-19,3462,Books,232.65,10,4,Middle East,Debit Card,1.8,125,209.39,837.56,41.878
150,2023-10-17,3778,Beauty,40.52,15,4,Europe,Credit Card,3.3,232,34.44,137.76,6.888
151,2022-06-20,4519,Books,308.95,5,5,Asia,Credit Card,3.5,100,293.5,1467.5,73.375
152,2023-06-25,3409,Beauty,420.6,15,1,Middle East,Debit Card,3.5,263,357.51,357.51,17.8755
153,2022-02-05,1869,Beauty,286.95,5,2,Middle East,UPI,3.7,217,272.6,545.2,27.260000000000005
154,2023-06-09,2393,Beauty,300.42,15,5,Asia,Debit Card,2.6,7,255.36,1276.8,63.84
155,2022-06-09,4470,Electronics,338.29,20,5,Europe,Credit Card,2.0,291,270.63,1353.15,67.65750000000001
156,2023-11-30,2837,Sports,102.19,15,5,North America,Credit Card,1.9,435,86.86,434.3,21.715000000000003
157,2022-08-31,4191,Home & Kitchen,39.05,30,4,Asia,Credit Card,1.4,374,27.33,109.32,5.466
158,2022-03-27,4119,Sports,427.73,30,3,Europe,Cash on Delivery,3.2,459,299.41,898.23,44.911500000000004
159,2023-08-01,3115,Books,424.07,0,2,North America,Wallet,3.8,383,424.07,848.14,42.407000000000004
160,2023-11-13,4410,Sports,274.6,15,2,Europe,UPI,1.1,317,233.41,466.82,23.341
161,2023-07-11,4156,Fashion,102.55,10,4,Middle East,UPI,3.2,148,92.3,369.2,18.46
162,2023-07-28,4965,Home & Kitchen,409.54,5,2,Middle East,Debit Card,3.2,294,389.06,778.12,38.906000000000006
163,2023-10-08,3983,Sports,114.02,15,3,Europe,Debit Card,1.9,493,96.92,290.76,14.538
164,2022-01-28,1376,Home & Kitchen,431.15,5,1,Middle East,Credit Card,3.3,267,409.59,409.59,20.4795
165,2023-09-12,2408,Sports,214.77,0,2,Asia,Cash on Delivery,3.7,135,214.77,429.54,21.477000000000004
166,2023-07-10,3323,Electronics,33.46,30,4,Europe,UPI,4.7,8,23.42,93.68,4.684
167,2022-12-06,3815,Books,409.35,0,4,Middle East,Cash on Delivery,2.3,62,409.35,1637.4,81.87
168,2022-11-27,2941,Books,282.51,0,5,Europe,UPI,2.3,412,282.51,1412.55,70.6275
169,2023-10-02,3997,Fashion,162.59,15,2,North America,Credit Card,3.0,252,138.2,276.4,13.82
170,2023-05-21,1204,Electronics,229.2,10,1,Europe,Wallet,2.5,487,206.28,206.28,10.314
171,2022-12-14,1744,Sports,443.67,0,3,North America,UPI,1.4,40,443.67,1331.01,66.5505
172,2023-04-18,4136,Sports,105.56,10,4,Middle East,Debit Card,2.7,390,95.0,380.0,19.0
173,2022-08-19,3958,Sports,56.38,30,2,North America,Cash on Delivery,3.5,460,39.47,78.94,3.947
174,2022-07-09,2852,Sports,393.47,30,4,Asia,UPI,2.4,155,275.43,1101.72,55.086000000000006
175,2022-08-13,4150,Home & Kitchen,312.73,10,4,North America,UPI,2.3,92,281.46,1125.84,56.292
176,2023-01-20,2549,Sports,435.63,15,3,Europe,Wallet,5.0,50,370.29,1110.87,55.543499999999995
177,2023-01-12,1324,Books,160.14,0,4,Middle East,Debit Card,4.5,394,160.14,640.56,32.028
178,2022-10-10,3425,Electronics,282.82,0,2,Europe,Wallet,3.8,104,282.82,565.64,28.282
179,2023-09-25,3864,Beauty,26.0,5,4,North America,Debit Card,2.4,342,24.7,98.8,4.94
180,2023-09-20,4973,Books,424.11,15,2,Europe,Credit Card,2.8,443,360.49,720.98,36.049
181,2022-09-16,1680,Sports,99.64,30,2,North America,Cash on Delivery,4.8,362,69.75,139.5,6.9750000000000005
182,2022-12-25,1670,Home & Kitchen,61.74,10,4,North America,Debit Card,3.4,64,55.57,222.28,11.114
183,2023-12-11,3675,Beauty,244.85,30,4,Middle East,Debit Card,1.8,259,171.4,685.6,34.28
184,2023-04-01,4417,Beauty,373.73,0,4,Middle East,Credit Card,3.5,411,373.73,1494.92,74.74600000000001
185,2023-02-15,4065,Sports,108.83,15,4,Middle East,Cash on Delivery,2.3,64,92.51,370.04,18.502000000000002
186,2023-10-11,2727,Beauty,120.57,5,2,Asia,Wallet,1.1,465,114.54,229.08,11.454
187,2022-11-14,2880,Sports,161.22,5,2,North America,Credit Card,2.1,46,153.16,306.32,15.316
188,2023-11-08,3482,Home & Kitchen,406.49,10,1,Middle East,Debit Card,5.0,299,365.84,365.84,18.291999999999998
189,2022-08-13,4766,Electronics,374.94,10,3,Middle East,UPI,1.5,146,337.45,1012.35,50.61750000000001
190,2022-08-22,3932,Books,138.58,0,2,North America,Wallet,1.5,26,138.58,277.16,13.858000000000002
191,2023-11-15,4449,Electronics,131.29,0,2,Europe,Credit Card,3.7,70,131.29,262.58,13.129
192,2023-10-26,2968,Sports,453.69,5,4,Europe,UPI,4.2,163,431.01,1724.04,86.202
193,2023-01-09,4814,Home & Kitchen,309.33,0,2,Middle East,UPI,3.7,136,309.33,618.66,30.933
194,2023-11-03,2703,Fashion,116.37,30,4,Europe,Credit Card,2.5,140,81.46,325.84,16.291999999999998
195,2023-08-31,4086,Sports,74.49,15,1,North America,UPI,4.3,383,63.32,63.32,3.1660000000000004
196,2023-04-17,4525,Books,37.75,10,4,Europe,UPI,2.7,303,33.98,135.92,6.795999999999999
197,2022-08-21,4264,Books,126.94,5,5,North America,Cash on Delivery,2.2,494,120.59,602.95,30.147500000000004
198,2023-11-23,2256,Sports,361.42,0,2,Middle East,Cash on Delivery,1.2,4,361.42,722.84,36.142
199,2022-04-23,4334,Fashion,188.97,30,3,Asia,Credit Card,2.1,231,132.28,396.84,19.842
200,2023-05-12,1445,Beauty,482.69,15,5,Europe,UPI,4.4,125,410.29,2051.45,102.57249999999999
201,2023-03-18,1053,Books,165.51,0,2,Middle East,Debit Card,1.8,342,165.51,331.02,16.551
202,2023-07-18,1691,Books,79.35,20,4,Middle East,UPI,1.4,156,63.48,253.92,12.696
203,2022-09-25,2970,Sports,92.41,10,4,Middle East,Debit Card,3.9,457,83.17,332.68,16.634
204,2023-05-25,1003,Books,246.78,5,4,Asia,Cash on Delivery,4.3,355,234.44,937.76,46.888000000000005
205,2023-01-21,1256,Home & Kitchen,469.04,5,5,North America,UPI,1.8,87,445.59,2227.95,111.3975
206,2023-01-22,4432,Fashion,450.64,5,1,North America,Credit Card,3.4,191,428.11,428.11,21.405500000000004
207,2022-04-23,1833,Books,95.74,5,4,North America,Wallet,1.1,76,90.95,363.8,18.19
208,2023-09-05,4311,Sports,378.47,15,4,Asia,Debit Card,3.6,349,321.7,1286.8,64.34
209,2023-09-17,3529,Fashion,377.43,20,1,Middle East,Cash on Delivery,1.1,81,301.94,301.94,15.097000000000001
210,2022-03-22,2698,Beauty,86.82,10,2,Asia,UPI,1.7,53,78.14,156.28,7.814
211,2023-11-30,3508,Books,152.61,10,1,Middle East,Cash on Delivery,2.3,381,137.35,137.35,6.8675
212,2022-04-23,3896,Electronics,42.64,0,5,Middle East,Cash on Delivery,3.7,374,42.64,213.2,10.66
213,2022-01-02,2161,Sports,42.06,30,4,Asia,Wallet,4.8,269,29.44,117.76,5.888000000000001
214,2023-10-04,4522,Electronics,223.84,0,1,Middle East,Wallet,2.5,360,223.84,223.84,11.192
215,2022-08-08,2347,Sports,244.59,5,4,Asia,Credit Card,4.1,169,232.36,929.44,46.47200000000001
216,2023-07-20,1472,Electronics,21.21,0,4,North America,Cash on Delivery,2.9,220,21.21,84.84,4.242
217,2022-08-13,2764,Electronics,483.28,0,5,Asia,UPI,2.4,190,483.28,2416.4,120.82000000000001
218,2023-01-20,3026,Sports,245.72,5,2,Europe,Wallet,3.2,122,233.43,466.86,23.343000000000004
219,2023-02-07,2637,Home & Kitchen,394.98,30,5,Asia,UPI,4.7,8,276.49,1382.45,69.1225
220,2023-09-30,4548,Sports,319.29,5,4,Middle East,Credit Card,2.1,244,303.33,1213.32,60.666
221,2022-05-10,3240,Beauty,311.56,30,5,Asia,Debit Card,1.7,203,218.09,1090.45,54.52250000000001
222,2022-02-22,3354,Books,155.05,0,4,Middle East,Credit Card,3.9,69,155.05,620.2,31.010000000000005
223,2023-11-15,4613,Beauty,444.12,10,3,Europe,UPI,1.2,62,399.71,1199.13,59.956500000000005
224,2023-12-31,4878,Sports,153.37,10,1,Middle East,UPI,2.7,18,138.03,138.03,6.9015
225,2023-11-03,1758,Electronics,476.0,0,4,Middle East,UPI,2.4,238,476.0,1904.0,95.2
226,2023-12-11,1905,Sports,24.51,15,5,North America,Credit Card,2.1,464,20.83,104.15,5.2075000000000005
227,2023-02-20,3268,Beauty,61.78,30,2,Europe,Wallet,3.4,18,43.25,86.5,4.325
228,2022-09-04,3219,Beauty,364.65,30,2,Asia,Credit Card,2.9,77,255.25,510.5,25.525000000000002
229,2023-03-15,2183,Home & Kitchen,306.31,20,4,North America,Cash on Delivery,3.6,93,245.05,980.2,49.010000000000005
230,2022-07-22,3219,Sports,359.95,10,2,Europe,Wallet,4.2,296,323.96,647.92,32.396
231,2022-07-03,2086,Electronics,322.6,0,1,North America,Wallet,4.9,496,322.6,322.6,16.130000000000003
232,2022-05-03,4644,Fashion,265.97,30,4,Asia,Cash on Delivery,2.0,307,186.18,744.72,37.236000000000004
233,2023-02-05,2088,Beauty,20.44,5,1,Europe,Wallet,4.6,127,19.42,19.42,0.9710000000000001
234,2022-10-21,2192,Sports,405.41,20,4,North America,UPI,4.0,250,324.33,1297.32,64.866
235,2022-10-07,3128,Beauty,257.52,10,1,Middle East,UPI,1.8,245,231.77,231.77,11.588500000000002
236,2023-09-02,3806,Electronics,57.38,15,4,Middle East,Cash on Delivery,1.7,17,48.77,195.08,9.754000000000001
237,2022-07-17,2291,Home & Kitchen,100.28,20,4,North America,UPI,3.2,115,80.22,320.88,16.044
238,2023-05-26,4451,Sports,332.69,0,2,Asia,Cash on Delivery,4.2,408,332.69,665.38,33.269
239,2022-05-24,4841,Books,43.12,15,1,Asia,Cash on Delivery,3.1,359,36.65,36.65,1.8325
240,2023-09-01,3120,Electronics,435.39,15,4,North America,Debit Card,2.5,357,370.08,1480.32,74.016
241,2022-07-20,1331,Sports,396.41,20,5,Asia,UPI,5.0,54,317.13,1585.65,79.28250000000001
242,2022-05-04,2211,Books,156.63,10,2,Europe,Cash on Delivery,1.8,364,140.97,281.94,14.097000000000001
243,2022-07-06,2048,Fashion,442.34,30,4,Europe,Debit Card,3.7,106,309.64,1238.56,61.928
244,2022-11-22,3275,Books,443.16,5,4,Asia,UPI,3.3,128,421.0,1684.0,84.2
245,2023-04-09,2141,Beauty,419.73,0,1,Middle East,UPI,2.4,383,419.73,419.73,20.986500000000003
246,2022-12-15,4516,Home & Kitchen,157.29,5,2,Middle East,UPI,3.5,113,149.43,298.86,14.943000000000001
247,2023-10-22,2131,Sports,329.65,0,2,Middle East,Credit Card,3.6,354,329.65,659.3,32.964999999999996
248,2023-02-07,3289,Sports,228.45,30,5,North America,Wallet,4.9,49,159.92,799.6,39.980000000000004
249,2022-12-12,2634,Fashion,271.75,15,1,Middle East,UPI,3.7,75,230.99,230.99,11.549500000000002
250,2023-05-26,4605,Home & Kitchen,207.8,15,3,Asia,UPI,1.7,169,176.63,529.89,26.494500000000002
251,2022-05-27,4552,Sports,6.97,0,1,Middle East,Wallet,1.7,375,6.97,6.97,0.34850000000000003
252,2022-05-28,1502,Home & Kitchen,9.94,15,1,Middle East,Credit Card,2.9,107,8.45,8.45,0.4225
253,2023-12-12,4569,Sports,387.56,20,3,North America,Credit Card,1.5,472,310.05,930.15,46.5075
254,2023-05-04,2079,Books,473.46,20,5,North America,UPI,2.4,290,378.77,1893.85,94.6925
255,2023-10-02,4220,Sports,118.65,30,4,Middle East,Cash on Delivery,4.7,110,83.06,332.24,16.612000000000002
256,2023-07-05,2334,Home & Kitchen,274.44,5,2,Middle East,Cash on Delivery,1.4,258,260.72,521.44,26.072000000000003
257,2022-12-04,1551,Fashion,156.49,10,5,Europe,Credit Card,3.2,438,140.84,704.2,35.21
258,2023-10-03,4733,Home & Kitchen,241.38,10,1,Middle East,UPI,3.6,418,217.24,217.24,10.862000000000002
259,2023-04-18,1923,Fashion,63.48,5,5,Asia,Wallet,3.3,409,60.31,301.55,15.0775
260,2022-05-31,1120,Beauty,364.08,5,5,North America,Credit Card,3.5,226,345.88,1729.4,86.47000000000001
261,2023-02-19,2795,Sports,260.55,20,2,Asia,Debit Card,1.5,174,208.44,416.88,20.844
262,2022-10-25,3073,Beauty,157.82,0,5,North America,Debit Card,1.1,109,157.82,789.1,39.455000000000005
263,2023-09-03,2135,Books,333.47,20,5,Asia,Debit Card,4.1,123,266.78,1333.9,66.69500000000001
264,2022-09-20,3558,Electronics,258.07,10,2,Asia,Credit Card,2.3,237,232.26,464.52,23.226
265,2022-05-24,3928,Sports,205.12,10,4,Middle East,Wallet,2.8,305,184.61,738.44,36.922000000000004
266,2022-12-12,1022,Beauty,268.93,5,1,Middle East,Debit Card,4.6,457,255.48,255.48,12.774000000000001
267,2023-09-16,4752,Sports,477.07,20,2,Europe,Wallet,4.4,345,381.66,763.32,38.166000000000004
268,2023-07-26,2849,Electronics,39.29,5,2,Asia,Cash on Delivery,3.6,60,37.33,74.66,3.733
269,2022-01-02,4335,Fashion,462.37,20,1,North America,UPI,2.5,444,369.9,369.9,18.495
270,2022-10-31,3163,Sports,67.53,15,5,Middle East,Wallet,2.3,139,57.4,287.0,14.350000000000001
271,2022-09-11,1479,Electronics,107.15,20,4,Asia,Debit Card,3.0,432,85.72,342.88,17.144000000000002
272,2023-10-14,3354,Home & Kitchen,489.69,15,3,Asia,Credit Card,1.5,86,416.24,1248.72,62.43600000000001
273,2023-03-29,3278,Fashion,405.97,30,3,North America,Credit Card,3.4,97,284.18,852.54,42.627
274,2022-02-06,3748,Home & Kitchen,179.1,20,5,North America,Debit Card,4.4,464,143.28,716.4,35.82
275,2022-06-09,3539,Electronics,205.34,0,4,Middle East,Cash on Delivery,4.2,299,205.34,821.36,41.068000000000005
276,2022-01-09,1768,Home & Kitchen,153.06,10,1,Middle East,Debit Card,3.1,252,137.75,137.75,6.8875
277,2022-08-21,2143,Fashion,116.46,5,5,Asia,Credit Card,3.5,173,110.64,553.2,27.660000000000004
278,2022-04-09,3333,Sports,35.13,0,3,Asia,Debit Card,2.1,484,35.13,105.39,5.269500000000001
279,2023-10-21,1987,Home & Kitchen,21.67,10,5,Asia,Debit Card,4.2,460,19.5,97.5,4.875
280,2022-07-27,4856,Electronics,253.29,15,1,North America,UPI,1.8,268,215.3,215.3,10.765
281,2022-05-11,4478,Home & Kitchen,267.4,5,5,Asia,UPI,4.1,76,254.03,1270.15,63.50750000000001
282,2023-02-08,2381,Home & Kitchen,381.97,10,5,North America,Cash on Delivery,2.9,202,343.77,1718.85,85.9425
283,2022-06-01,3937,Books,52.09,5,1,Middle East,Debit Card,3.1,112,49.49,49.49,2.4745000000000004
284,2022-02-23,2175,Fashion,259.78,0,2,North America,Debit Card,4.1,127,259.78,519.56,25.977999999999998
285,2022-04-30,3645,Books,462.61,30,1,North America,UPI,4.2,229,323.83,323.83,16.1915
286,2023-11-04,2348,Electronics,427.07,10,4,Europe,UPI,2.7,328,384.36,1537.44,76.87200000000001
287,2023-09-20,3904,Beauty,269.61,5,5,North America,Credit Card,4.6,18,256.13,1280.65,64.03250000000001
288,2023-08-10,2971,Electronics,71.15,15,2,Europe,Wallet,3.2,291,60.48,120.96,6.048
289,2023-09-17,1838,Electronics,82.25,15,1,Middle East,Debit Card,4.4,141,69.91,69.91,3.4955
290,2023-02-24,4317,Electronics,241.28,20,3,North America,UPI,1.6,52,193.02,579.06,28.953
291,2023-02-26,2849,Electronics,310.59,20,4,Asia,Debit Card,1.9,127,248.47,993.88,49.694
292,2022-04-14,1917,Books,489.42,5,5,Asia,Debit Card,2.2,494,464.95,2324.75,116.23750000000001
293,2022-09-11,4386,Electronics,416.49,15,2,Europe,Wallet,3.6,460,354.02,708.04,35.402
294,2022-08-15,1939,Home & Kitchen,210.11,10,4,Europe,Debit Card,1.0,369,189.1,756.4,37.82
295,2022-04-22,3852,Electronics,178.33,30,5,Middle East,UPI,2.6,456,124.83,624.15,31.2075
296,2023-05-25,3209,Beauty,11.68,10,4,North America,Wallet,1.1,384,10.51,42.04,2.102
297,2023-04-18,3659,Fashion,8.82,0,4,Europe,Cash on Delivery,2.6,48,8.82,35.28,1.7640000000000002
298,2022-04-09,2392,Books,239.85,20,1,North America,Wallet,2.4,193,191.88,191.88,9.594
299,2022-06-02,4256,Books,39.3,15,1,Middle East,Wallet,1.6,183,33.4,33.4,1.67
300,2022-12-04,1952,Books,82.4,0,1,Asia,Cash on Delivery,3.5,437,82.4,82.4,4.12
301,2023-12-07,2959,Books,490.29,5,5,Middle East,UPI,1.9,429,465.78,2328.9,116.44500000000001
302,2022-06-12,1275,Electronics,360.04,20,1,Middle East,Debit Card,1.8,389,288.03,288.03,14.401499999999999
303,2023-12-21,4044,Beauty,228.86,15,4,Middle East,Credit Card,4.4,61,194.53,778.12,38.906000000000006
304,2023-11-12,1528,Sports,429.65,15,4,Asia,Debit Card,4.5,66,365.2,1460.8,73.04
305,2022-06-10,2459,Electronics,92.82,5,5,Europe,Debit Card,2.9,477,88.18,440.9,22.045
306,2023-08-03,4331,Fashion,197.71,15,5,Middle East,Debit Card,1.3,210,168.05,840.25,42.0125
307,2023-02-02,1958,Fashion,150.9,0,3,North America,Credit Card,3.0,168,150.9,452.7,22.635
308,2022-10-04,4316,Electronics,497.75,20,1,Europe,Debit Card,2.7,192,398.2,398.2,19.91
309,2023-05-19,2841,Electronics,451.05,0,3,Europe,Credit Card,4.1,364,451.05,1353.15,67.65750000000001
310,2023-01-27,4409,Electronics,265.41,30,5,Europe,Debit Card,1.7,321,185.79,928.95,46.447500000000005
311,2022-05-15,1049,Beauty,214.9,10,5,Europe,UPI,1.4,484,193.41,967.05,48.3525
312,2022-07-14,4343,Books,499.06,15,1,Europe,Debit Card,2.0,405,424.2,424.2,21.21
313,2023-02-05,2258,Fashion,107.13,15,3,Middle East,Credit Card,1.7,66,91.06,273.18,13.659
314,2023-10-02,3631,Fashion,206.9,15,2,Asia,UPI,4.4,120,175.86,351.72,17.586000000000002
315,2022-02-02,2852,Books,357.33,5,1,North America,Wallet,2.1,449,339.46,339.46,16.973
316,2023-11-19,2579,Sports,353.4,10,2,North America,Debit Card,3.7,285,318.06,636.12,31.806
317,2023-04-05,3961,Books,289.25,10,1,Asia,Cash on Delivery,1.5,184,260.32,260.32,13.016
318,2023-04-15,4377,Fashion,476.19,0,4,North America,Credit Card,4.3,70,476.19,1904.76,95.238
319,2023-01-10,3524,Fashion,127.15,15,4,Middle East,Wallet,2.8,484,108.08,432.32,21.616
320,2022-01-22,1487,Beauty,286.47,5,2,Europe,Wallet,4.4,377,272.15,544.3,27.215
321,2023-11-01,3127,Fashion,406.19,0,5,North America,Cash on Delivery,2.1,402,406.19,2030.95,101.54750000000001
322,2022-02-07,2309,Electronics,120.07,15,3,Asia,UPI,3.2,64,102.06,306.18,15.309000000000001
323,2022-08-18,3608,Electronics,436.22,30,1,Asia,Wallet,3.5,160,305.35,305.35,15.267500000000002
324,2022-12-31,4169,Books,321.37,10,4,Middle East,Wallet,3.0,365,289.23,1156.92,57.846000000000004
325,2023-07-17,2501,Books,193.63,30,1,Asia,Debit Card,2.0,250,135.54,135.54,6.777
326,2023-03-14,2940,Electronics,325.61,15,4,Europe,Credit Card,4.1,114,276.77,1107.08,55.354
327,2022-10-10,3453,Books,464.39,15,4,Asia,Credit Card,1.3,156,394.73,1578.92,78.94600000000001
328,2022-01-27,3584,Electronics,494.15,30,5,North America,Credit Card,1.6,327,345.9,1729.5,86.47500000000001
329,2022-08-14,4797,Beauty,144.31,10,5,Europe,UPI,1.3,238,129.88,649.4,32.47
330,2022-10-04,4639,Books,454.99,15,3,Middle East,Credit Card,2.2,327,386.74,1160.22,58.011
331,2023-09-01,1254,Home & Kitchen,24.1,10,1,Middle East,Cash on Delivery,4.9,89,21.69,21.69,1.0845
332,2022-10-11,1959,Sports,8.6,0,4,Europe,Credit Card,1.5,274,8.6,34.4,1.72
333,2023-04-26,4739,Fashion,302.8,20,4,Asia,UPI,4.9,465,242.24,968.96,48.44800000000001
334,2023-03-29,3534,Electronics,243.41,10,2,North America,Cash on Delivery,1.2,99,219.07,438.14,21.907
335,2023-10-21,2696,Sports,237.25,0,3,Europe,Wallet,4.5,177,237.25,711.75,35.5875
336,2023-05-31,4265,Fashion,120.86,5,2,Asia,UPI,3.8,344,114.82,229.64,11.482
337,2023-07-01,3563,Fashion,300.74,0,1,North America,Credit Card,2.9,74,300.74,300.74,15.037
338,2022-07-11,1463,Books,13.39,10,5,Asia,UPI,4.4,495,12.05,60.25,3.0125
339,2022-02-18,3827,Fashion,219.74,15,3,Middle East,Debit Card,2.2,208,186.78,560.34,28.017000000000003
340,2023-05-27,2936,Home & Kitchen,186.63,10,4,Asia,Credit Card,2.8,235,167.97,671.88,33.594
341,2022-01-17,4575,Books,100.56,0,2,North America,Wallet,2.2,8,100.56,201.12,10.056000000000001
342,2022-06-21,1035,Sports,257.82,30,4,Europe,Debit Card,5.0,116,180.47,721.88,36.094
343,2022-08-08,1015,Electronics,346.68,0,1,North America,Cash on Delivery,3.3,433,346.68,346.68,17.334
344,2022-06-07,1918,Fashion,407.42,5,5,Middle East,Cash on Delivery,4.1,444,387.05,1935.25,96.7625
345,2023-04-22,2991,Fashion,233.81,20,1,Asia,UPI,2.2,291,187.05,187.05,9.352500000000001
346,2022-02-15,2912,Beauty,123.75,0,1,Europe,Credit Card,1.2,190,123.75,123.75,6.1875
347,2023-01-08,3696,Sports,108.9,0,2,Asia,Debit Card,4.6,209,108.9,217.8,10.89
348,2023-06-02,2613,Electronics,291.7,10,2,Europe,Wallet,2.5,73,262.53,525.06,26.253
349,2022-04-09,1822,Beauty,197.68,5,3,Asia,Wallet,3.2,371,187.8,563.4,28.17
350,2022-02-06,3120,Electronics,162.19,5,5,Europe,Wallet,2.9,1,154.08,770.4,38.52
351,2022-10-07,4391,Fashion,263.87,15,5,Middle East,Cash on Delivery,2.1,236,224.29,1121.45,56.072500000000005
352,2022-12-15,2966,Fashion,280.43,0,5,Asia,Wallet,1.7,139,280.43,1402.15,70.1075
353,2023-05-12,4316,Home & Kitchen,120.75,0,5,Asia,Debit Card,4.5,366,120.75,603.75,30.1875
354,2022-10-29,2881,Books,192.26,30,5,Asia,Debit Card,4.8,359,134.58,672.9,33.645
355,2022-06-30,1739,Home & Kitchen,355.31,30,4,North America,Wallet,4.6,334,248.72,994.88,49.744
356,2023-08-30,4266,Electronics,196.76,20,1,Middle East,Wallet,3.1,215,157.41,157.41,7.8705
357,2022-04-09,1757,Electronics,224.83,10,2,North America,Debit Card,3.6,152,202.35,404.7,20.235
358,2023-12-01,1905,Electronics,321.81,0,5,Middle East,Wallet,1.6,276,321.81,1609.05,80.4525
359,2022-04-26,4066,Sports,99.45,20,5,Asia,Credit Card,2.4,373,79.56,397.8,19.89
360,2022-07-10,4160,Electronics,434.06,5,2,Asia,Wallet,1.0,74,412.36,824.72,41.236000000000004
361,2022-09-10,4843,Books,172.51,10,3,Asia,UPI,3.1,208,155.26,465.78,23.289
362,2022-06-10,1797,Fashion,345.39,0,4,Asia,Credit Card,2.7,24,345.39,1381.56,69.078
363,2022-09-13,3033,Home & Kitchen,152.12,0,1,Europe,Cash on Delivery,3.5,73,152.12,152.12,7.606000000000001
364,2022-11-19,4210,Fashion,325.83,30,3,Europe,Debit Card,2.2,382,228.08,684.24,34.212
365,2022-05-08,2586,Sports,142.29,10,1,Asia,Wallet,2.5,451,128.06,128.06,6.4030000000000005
366,2022-01-18,4730,Beauty,375.28,30,4,Asia,Wallet,3.7,80,262.7,1050.8,52.54
367,2023-07-20,2777,Home & Kitchen,56.9,20,4,Asia,Cash on Delivery,1.6,23,45.52,182.08,9.104000000000001
368,2023-07-24,2420,Sports,157.21,5,3,Asia,Debit Card,3.5,353,149.35,448.05,22.402500000000003
369,2022-11-19,4000,Electronics,285.92,20,4,North America,Wallet,4.6,492,228.74,914.96,45.748000000000005
370,2023-11-17,3531,Electronics,318.43,15,2,Asia,Cash on Delivery,3.4,48,270.67,541.34,27.067000000000004
371,2023-09-18,3434,Beauty,73.39,0,4,North America,UPI,1.6,230,73.39,293.56,14.678
372,2022-10-15,2391,Home & Kitchen,163.17,15,5,Middle East,Wallet,1.1,354,138.69,693.45,34.67250000000001
373,2023-10-25,4917,Books,55.39,10,1,Europe,UPI,3.6,34,49.85,49.85,2.4925
374,2023-10-01,1457,Books,418.0,30,4,Europe,Credit Card,4.5,121,292.6,1170.4,58.52000000000001
375,2022-06-04,3469,Electronics,491.91,30,3,Middle East,Cash on Delivery,3.0,1,344.34,1033.02,51.651
376,2023-05-05,3279,Electronics,145.48,0,2,Asia,Wallet,1.2,196,145.48,290.96,14.548
377,2023-01-21,3586,Electronics,244.14,0,2,North America,Credit Card,4.8,417,244.14,488.28,24.414
378,2022-04-14,2367,Sports,255.73,10,4,Middle East,Cash on Delivery,2.7,312,230.16,920.64,46.032000000000004
379,2023-01-28,3767,Beauty,86.4,15,3,North America,UPI,4.3,372,73.44,220.32,11.016
380,2022-09-03,4209,Beauty,335.47,20,4,Europe,Debit Card,1.9,290,268.38,1073.52,53.676
381,2022-06-25,2397,Fashion,260.81,15,5,Europe,Wallet,4.0,212,221.69,1108.45,55.42250000000001
382,2022-02-08,2460,Beauty,259.36,5,3,North America,Cash on Delivery,3.4,418,246.39,739.17,36.9585
383,2023-04-22,1154,Home & Kitchen,34.0,15,5,Europe,Debit Card,2.5,97,28.9,144.5,7.2250000000000005
384,2023-11-13,3566,Beauty,44.56,30,4,North America,Debit Card,3.1,100,31.19,124.76,6.238
385,2023-06-22,4186,Home & Kitchen,482.32,20,1,Middle East,Debit Card,3.5,246,385.86,385.86,19.293000000000003
386,2023-02-12,2115,Books,470.16,5,2,Middle East,Credit Card,4.8,384,446.65,893.3,44.665
387,2023-06-09,2369,Fashion,14.02,10,4,Asia,Cash on Delivery,3.9,466,12.62,50.48,2.524
388,2023-05-21,4665,Beauty,272.53,0,4,North America,Debit Card,2.8,435,272.53,1090.12,54.506
389,2022-02-05,4596,Books,37.1,30,5,North America,Debit Card,2.2,415,25.97,129.85,6.4925
390,2023-11-16,3631,Home & Kitchen,397.61,5,4,North America,Cash on Delivery,1.8,353,377.73,1510.92,75.546
391,2022-01-20,2114,Fashion,29.38,5,5,Asia,Wallet,4.3,313,27.91,139.55,6.977500000000001
392,2022-11-17,1699,Books,276.91,5,4,Europe,Credit Card,4.5,377,263.06,1052.24,52.612
393,2023-05-27,4469,Home & Kitchen,311.54,30,2,Middle East,UPI,4.4,240,218.08,436.16,21.808000000000003
394,2023-02-04,1104,Fashion,52.55,0,2,Europe,UPI,1.6,274,52.55,105.1,5.255
395,2023-10-16,3859,Electronics,299.21,20,3,Asia,Credit Card,3.2,483,239.37,718.11,35.9055
396,2023-04-16,4013,Beauty,471.13,5,3,North America,Wallet,3.9,325,447.57,1342.71,67.13550000000001
397,2022-05-23,1595,Electronics,53.18,10,4,Europe,Debit Card,3.6,436,47.86,191.44,9.572000000000001
398,2022-04-02,2013,Electronics,343.91,20,2,Europe,Debit Card,2.0,74,275.13,550.26,27.513
399,2022-12-20,1539,Electronics,139.27,10,5,North America,Credit Card,4.4,233,125.34,626.7,31.335000000000004
400,2023-12-28,4350,Books,140.44,0,4,Europe,Debit Card,1.3,220,140.44,561.76,28.088
401,2022-02-20,1011,Electronics,274.34,30,1,Asia,Debit Card,4.3,274,192.04,192.04,9.602
402,2023-10-27,2943,Sports,464.28,10,3,Middle East,Wallet,2.7,446,417.85,1253.55,62.6775
403,2023-11-29,4378,Electronics,119.21,15,3,North America,Cash on Delivery,3.2,412,101.33,303.99,15.1995
404,2023-07-29,1363,Books,496.7,15,3,Asia,UPI,1.1,72,422.2,1266.6,63.33
405,2022-07-09,1661,Beauty,50.27,30,5,Europe,UPI,4.9,452,35.19,175.95,8.7975
406,2022-05-05,2341,Sports,470.39,30,3,North America,Credit Card,3.6,491,329.27,987.81,49.3905
407,2022-05-30,1537,Fashion,13.83,0,2,North America,Credit Card,4.4,110,13.83,27.66,1.383
408,2022-11-10,4285,Fashion,85.28,30,3,Asia,Credit Card,2.3,62,59.7,179.1,8.955
409,2023-07-24,1313,Beauty,488.31,20,5,North America,Wallet,1.3,413,390.65,1953.25,97.66250000000001
410,2022-12-08,2478,Books,136.73,0,4,North America,Credit Card,1.5,83,136.73,546.92,27.346
411,2022-11-01,2422,Electronics,8.52,20,1,Middle East,Credit Card,4.7,360,6.82,6.82,0.341
412,2023-11-23,2775,Fashion,443.11,15,4,Asia,Debit Card,3.5,242,376.64,1506.56,75.328
413,2023-11-13,2245,Beauty,457.42,15,4,Middle East,Credit Card,1.9,379,388.81,1555.24,77.762
414,2022-02-23,1579,Beauty,373.48,15,3,Europe,Debit Card,3.5,311,317.46,952.38,47.619
415,2023-03-20,1261,Electronics,470.08,5,4,Europe,Cash on Delivery,4.0,114,446.58,1786.32,89.316
416,2023-09-05,1495,Beauty,136.51,15,1,North America,Wallet,4.2,6,116.03,116.03,5.801500000000001
417,2022-09-21,3670,Books,324.42,10,3,Europe,Cash on Delivery,1.1,431,291.98,875.94,43.797000000000004
418,2022-02-22,1129,Books,372.46,0,2,Europe,Wallet,4.2,172,372.46,744.92,37.246
419,2023-07-26,2182,Sports,486.93,30,4,Europe,Credit Card,3.6,127,340.85,1363.4,68.17
420,2023-09-12,1791,Fashion,449.58,20,3,North America,Cash on Delivery,3.8,296,359.66,1078.98,53.949000000000005
421,2022-01-05,4362,Home & Kitchen,34.24,30,5,North America,Debit Card,3.3,308,23.97,119.85,5.9925
422,2022-04-13,2838,Beauty,172.83,15,5,Asia,UPI,4.7,275,146.91,734.55,36.7275
423,2022-07-15,2566,Books,309.49,30,4,Asia,UPI,3.2,427,216.64,866.56,43.328
424,2022-12-16,3136,Electronics,428.42,0,1,Asia,Debit Card,2.1,352,428.42,428.42,21.421000000000003
425,2022-02-16,1967,Electronics,143.43,5,2,North America,Cash on Delivery,4.4,308,136.26,272.52,13.626
426,2023-10-18,2355,Home & Kitchen,8.99,15,2,Asia,Cash on Delivery,4.4,363,7.64,15.28,0.764
427,2022-09-26,1629,Home & Kitchen,97.54,0,3,Middle East,UPI,4.4,340,97.54,292.62,14.631
428,2023-01-05,1505,Home & Kitchen,215.54,20,2,Middle East,UPI,2.7,5,172.43,344.86,17.243000000000002
429,2023-09-28,4201,Electronics,35.27,15,5,Asia,Debit Card,2.3,418,29.98,149.9,7.495000000000001
430,2022-04-16,1206,Beauty,25.95,10,2,Asia,Wallet,2.4,92,23.36,46.72,2.336
431,2023-11-01,4431,Books,203.8,30,4,Asia,Credit Card,4.3,457,142.66,570.64,28.532
432,2023-10-21,4130,Electronics,325.7,15,1,Europe,Debit Card,1.6,464,276.84,276.84,13.841999999999999
433,2023-10-19,4167,Books,356.7,0,5,North America,Wallet,4.6,495,356.7,1783.5,89.17500000000001
434,2022-04-30,2854,Home & Kitchen,268.74,5,2,Middle East,UPI,3.8,373,255.3,510.6,25.53
435,2023-08-27,2269,Sports,220.76,15,2,Europe,Wallet,4.5,313,187.65,375.3,18.765
436,2022-02-27,2482,Fashion,14.33,30,3,Middle East,Credit Card,3.3,225,10.03,30.09,1.5045000000000002
437,2022-12-12,2168,Beauty,134.98,10,4,Asia,Debit Card,4.5,220,121.48,485.92,24.296000000000003
438,2023-04-19,4381,Sports,336.59,5,5,Asia,Wallet,3.6,121,319.76,1598.8,79.94
439,2022-04-27,2660,Home & Kitchen,227.53,10,3,Europe,Debit Card,3.5,498,204.78,614.34,30.717000000000002
440,2022-05-07,4988,Home & Kitchen,135.74,5,2,Asia,UPI,3.7,111,128.95,257.9,12.895
441,2023-01-28,3581,Books,118.56,15,4,Europe,Cash on Delivery,2.2,30,100.78,403.12,20.156000000000002
442,2023-10-03,4452,Electronics,13.55,0,3,Asia,Credit Card,2.4,134,13.55,40.65,2.0325
443,2022-02-27,4424,Fashion,413.41,5,1,Asia,Debit Card,4.5,29,392.74,392.74,19.637
444,2023-09-26,1883,Beauty,439.63,5,2,Middle East,Credit Card,3.6,162,417.65,835.3,41.765
445,2023-05-28,1950,Fashion,186.01,20,4,Middle East,Wallet,2.2,186,148.81,595.24,29.762
446,2022-04-06,1284,Home & Kitchen,352.12,15,1,Middle East,Cash on Delivery,3.6,360,299.3,299.3,14.965000000000002
447,2023-09-30,1718,Fashion,37.16,30,4,North America,Cash on Delivery,4.7,446,26.01,104.04,5.202000000000001
448,2022-04-28,4988,Beauty,444.92,15,4,North America,Cash on Delivery,3.5,167,378.18,1512.72,75.63600000000001
449,2023-07-14,1501,Home & Kitchen,453.86,10,5,Asia,Debit Card,4.1,420,408.47,2042.35,102.1175
450,2023-08-24,1257,Beauty,82.64,30,4,Europe,Wallet,1.8,1,57.85,231.4,11.57
451,2023-05-03,3039,Fashion,391.4,0,3,North America,UPI,1.7,462,391.4,1174.2,58.71000000000001
452,2022-08-25,1809,Sports,239.26,0,2,Europe,Wallet,1.4,231,239.26,478.52,23.926000000000002
453,2022-09-29,3099,Home & Kitchen,342.1,15,4,North America,Wallet,3.7,34,290.79,1163.16,58.15800000000001
454,2022-07-08,3597,Home & Kitchen,239.97,20,1,North America,UPI,3.3,453,191.98,191.98,9.599
455,2023-12-05,2922,Sports,43.94,0,4,Europe,Cash on Delivery,1.1,372,43.94,175.76,8.788
456,2023-03-23,3712,Beauty,420.82,10,5,Middle East,UPI,1.8,305,378.74,1893.7,94.685
457,2023-08-04,4916,Electronics,47.44,15,5,Middle East,Cash on Delivery,4.2,242,40.32,201.6,10.08
458,2022-09-04,2239,Home & Kitchen,183.28,20,5,Europe,Wallet,3.3,412,146.62,733.1,36.655
459,2022-03-17,4517,Beauty,493.05,30,1,North America,Credit Card,1.9,205,345.14,345.14,17.257
460,2022-06-03,4294,Beauty,216.21,0,5,North America,Cash on Delivery,2.1,4,216.21,1081.05,54.0525
461,2023-10-18,3702,Beauty,411.04,20,4,North America,Wallet,1.9,14,328.83,1315.32,65.766
462,2023-03-11,4013,Electronics,88.62,5,5,Middle East,UPI,4.4,33,84.19,420.95,21.0475
463,2022-03-27,2128,Sports,415.88,20,2,Europe,UPI,1.8,305,332.7,665.4,33.27
464,2023-11-28,1521,Sports,233.3,5,2,North America,Credit Card,1.2,203,221.64,443.28,22.164
465,2022-10-12,1968,Books,257.42,10,2,Asia,Cash on Delivery,4.5,59,231.68,463.36,23.168000000000003
466,2022-08-08,2777,Sports,484.48,0,4,North America,Credit Card,2.7,362,484.48,1937.92,96.89600000000002
467,2022-03-10,2000,Home & Kitchen,443.64,5,5,North America,Wallet,1.3,166,421.46,2107.3,105.36500000000001
468,2022-02-16,1887,Fashion,177.15,5,4,North America,UPI,2.4,150,168.29,673.16,33.658
469,2022-04-04,4454,Beauty,474.96,15,1,North America,Credit Card,2.8,322,403.72,403.72,20.186000000000003
470,2023-03-29,4185,Fashion,56.05,0,2,Middle East,Debit Card,3.5,207,56.05,112.1,5.605
471,2022-07-23,1744,Beauty,17.96,0,3,Europe,Cash on Delivery,1.7,189,17.96,53.88,2.6940000000000004
472,2022-08-06,4140,Beauty,268.66,5,3,North America,Debit Card,3.8,126,255.23,765.69,38.2845
473,2023-04-19,4436,Sports,386.1,30,2,Asia,Wallet,1.2,119,270.27,540.54,27.027
474,2023-03-08,2067,Home & Kitchen,114.37,5,4,Europe,Debit Card,1.7,25,108.65,434.6,21.730000000000004
475,2022-12-07,2704,Electronics,44.75,15,3,Asia,Cash on Delivery,1.5,492,38.04,114.12,5.706
476,2023-07-05,1210,Electronics,423.53,5,4,North America,Credit Card,2.9,50,402.35,1609.4,80.47000000000001
477,2023-09-04,3323,Fashion,493.23,10,5,Middle East,UPI,2.7,319,443.91,2219.55,110.97750000000002
478,2022-10-16,2130,Books,348.69,15,1,Middle East,Debit Card,4.2,82,296.39,296.39,14.8195
479,2022-09-11,2956,Electronics,487.76,30,4,Asia,Wallet,2.4,497,341.43,1365.72,68.286
480,2022-12-23,3526,Electronics,417.17,15,3,Asia,Debit Card,4.3,58,354.59,1063.77,53.188500000000005
481,2022-01-23,2702,Sports,129.67,5,4,Middle East,Cash on Delivery,4.5,333,123.19,492.76,24.638
482,2023-06-06,3252,Books,59.34,20,4,Europe,UPI,4.8,311,47.47,189.88,9.494
483,2022-04-10,1118,Electronics,405.42,5,5,Middle East,Debit Card,5.0,51,385.15,1925.75,96.28750000000001
484,2022-06-29,1485,Home & Kitchen,331.5,5,5,Asia,UPI,3.6,300,314.92,1574.6,78.73
485,2022-08-11,3156,Home & Kitchen,407.38,5,3,Middle East,Debit Card,4.0,260,387.01,1161.03,58.051500000000004
486,2023-10-21,3501,Fashion,360.59,10,3,Asia,Credit Card,3.6,340,324.53,973.59,48.679500000000004
487,2023-03-18,4310,Sports,255.05,20,1,Europe,Cash on Delivery,2.8,439,204.04,204.04,10.202
488,2023-08-31,2031,Fashion,470.71,20,4,North America,Wallet,1.4,381,376.57,1506.28,75.31400000000001
489,2022-11-21,1511,Fashion,378.01,15,2,North America,Credit Card,3.2,317,321.31,642.62,32.131
490,2023-05-31,2066,Sports,9.22,10,3,Middle East,UPI,1.8,485,8.3,24.9,1.245
491,2022-01-16,4465,Home & Kitchen,353.61,0,3,Asia,UPI,2.8,121,353.61,1060.83,53.0415
492,2022-12-02,2832,Fashion,274.35,0,5,Europe,Credit Card,1.6,401,274.35,1371.75,68.5875
493,2022-09-15,1131,Fashion,73.46,10,4,Europe,UPI,1.1,224,66.11,264.44,13.222000000000001
494,2023-05-12,4789,Home & Kitchen,220.39,5,1,Middle East,UPI,3.9,487,209.37,209.37,10.4685
495,2022-06-09,2923,Sports,264.46,0,2,Asia,UPI,4.5,336,264.46,528.92,26.445999999999998
496,2023-04-20,2815,Books,236.88,5,3,Europe,UPI,3.7,285,225.04,675.12,33.756
497,2023-10-26,3798,Fashion,220.02,10,5,Asia,UPI,3.1,312,198.02,990.1,49.505
498,2023-11-21,4860,Electronics,317.44,5,1,Europe,Credit Card,4.0,153,301.57,301.57,15.0785
499,2023-11-06,3441,Home & Kitchen,331.01,10,1,Middle East,Debit Card,1.6,191,297.91,297.91,14.895500000000002
500,2023-01-15,4629,Books,350.28,30,4,North America,Debit Card,1.2,51,245.2,980.8,49.04
